,y1_gpa,y2_gpa,y3_gpa,y4_gpa
0,2.785877,2.052513,2.170544,0.065570
1,1.144557,2.666498,0.267098,2.884737
2,0.907406,0.423634,2.613459,0.030950
3,2.205259,0.523580,3.984345,0.339289
4,2.877876,1.287922,3.077589,0.9019940
,,,,
